name,id,duration,durationApr,durationTokens,nonDurationApr,nonDurationTokens,toNonDurationDiff,isDeficient
Infrared x Kodiak W,0xab37ea8895eed81c4aa76d5dba64441756904b15e78f6ffa5183b0fc1563c1c5,90,25.545%,1415708.7201925525,26.637%,1476221.1078988556,60512.38770630304,true
Veda x Ether.fi eBTC,0xabf4b2f17bc32faf4c3295b1347f36d21ec5629128d465b5569e600bf8d46c4f,90,4.544%,827344.5459653847,4.685%,853134.9127463106,25790.36678092589,true
Infrared x Kodiak WE,0x7ecf55915abe3c24dc5d8365a8edabc8833f4efb8e7c027429c9528aed91ecb7,90,4.544%,780819.1250147801,4.685%,805159.1798587934,24340.0548440133,true
Supply wETH on Dolom,0x0a7565b14941c6a3dde083fb7a857e27e12c55fa34f709c37586ec585dbe7f3f,90,9.123%,723157.1387535848,9.513%,754067.427380532,30910.288626947207,true
Supply LBTC to Concr,0xa31a8bb230f77a5d286985b92fe8d0c7504a1892568d70685659f781aec78209,90,4.544%,658901.8914686401,4.685%,679441.4859296073,20539.59446096723,true
Infrared x Kodiak WE,0x17ffd16948c053cc184c005477548e559566879a0e2847e87ebd1111c602535c,90,25.545%,655419.0761816215,26.637%,683434.0009202465,28014.924738624948,true
Infrared x Kodiak WB,0x6262ac035c2284f5b5249a690a6fd81c35f1ecef501da089f25741a4492cf5f3,90,25.545%,477836.6367417576,26.637%,498261.0612087203,20424.424466962693,true
Veda x Ether.fi weET,0xff0182973d5f1e9a64392c413caaa75f364f24632a7de0fdd1a31fe30517fdd2,90,4.544%,395127.1485483281,4.685%,407444.2347439856,12317.086195657495,true
Origami USDC Boyco V,0xa655556eb64a0fd18b9a3c80794ab370743bc431a4b2a6116fa97dcc7f741a2b,90,8.211%,349105.1185345276,8.562%,364027.1035316554,14921.984997127787,true
Veda x Ether.fi eBTC,0xb36f14fd392b9a1d6c3fabedb9a62a63d2067ca0ebeb63bbc2c93b11cc8eb3a2,90,4.544%,347128.18092667713,4.685%,357949.02110717085,10820.840180493717,true
Supply WBTC to Concr,0xece925dbccbb21333dbe99679fef655ad2dc2cb185e0963711c944e302595b28,90,4.544%,331569.9161804916,4.685%,341905.76693761203,10335.85075712041,true
Veda x Ether.fi weET,0x0484203315d701daff0d6dbdd55c49c3f220c3c7b917892bed1badb8fdc0182e,90,4.544%,302512.876903843,4.685%,311942.94819560397,9430.071291760949,true
Beraborrow pumpBTC B,0xfe95d44ab171140b66fb5180e9de765578d9d2bfbdbb66307abb86ba05a59e93,90,2.312%,291708.5301376579,2.384%,300801.80333570193,9093.273198044044,true
THJ&#x2F;Set and For,0xaa449e0679bd82798c7896c6a031f2da55299e64c0b4bddd57ad440921c04628,90,8.211%,212498.76780362547,8.562%,221581.71519318153,9082.947389556066,true
Kodiak x Beraborrow ,0x568d2509ec17c27426a9d55e58673160c937aeaedc0a3fcc7c63c5b7df495ec7,90,25.545%,170017.25562069987,26.637%,177284.3932332182,7267.137612518331,true
Supply USDC on Dolom,0x1e0a98a276ba873cfa427e247c7d0e438f604a54fcb36481063e1220af021faf,90,9.123%,164621.8195224036,9.513%,171658.33715189298,7036.51762948939,true
Supply USDe to Concr,0x5043bfe3f6bab5fa4c8f19fb2f6856de2d2e717a541e0d7126b308926be04e2e,90,4.544%,156200.03686248898,4.685%,161069.1766441227,4869.139781633712,true
Restake solvBTC.bbn ,0x7dadff589e53d9813969d0be6de99c033d140ec1d304e57a754797736656dcd5,90,1.689%,151018.20298788918,1.742%,155725.81224771615,4707.609259826975,true
Supply sUSDe to Conc,0x3d7cf2bd0a04fd3c66a5fa334a399b3926efe0fc0450b8da49a5da29f2c36d7f,90,4.544%,138516.86148621907,4.685%,142834.77314768272,4317.911661463644,true
Beraborrow SolvBTC.B,0x54b4b37c355868591a91baed36a3c8083f6480ccb11145106d0dad912d7dffd2,90,2.312%,134805.31579622652,2.384%,139007.52943908854,4202.213642862014,true
Infrared x Kodiak be,0x1997c604de34a71974228bca4a66f601427c48960b6e59ff7ebc8e34f43f3ecf,90,2.312%,123601.80678171501,2.384%,127454.77946066821,3852.9726789531996,true
Restake LBTC on SatL,0xde894ab596c084e65d0123ab6fa66f95b0571091cd8ec7efbeabe4942e7c40cd,90,1.689%,122298.37578361371,1.742%,126110.71730874036,3812.341525126656,true
Supply wBTC on Dolom,0xa6905c68ad66ea9ce966aa1662e1417df08be333ab8ec04507e0f0301d3a78e9,90,9.123%,110029.86190904108,9.513%,114732.92657774306,4703.064668701976,true
Beraborrow uniBTC Bo,0xb32d047eb63b5c2af537c2e4df6a09c40a50b75aefd83a928600241a4666b087,90,2.312%,75150.61021480829,2.384%,77493.23978878916,2342.62957398087,true
Infrared x Kodiak WE,0xaf2a845c9d6007128b7aec375a4fcdee2b12bbaeb78caf928d3bd08e104417d6,90,4.544%,74576.59679341497,4.685%,76901.33295557958,2324.7361621646123,true
Supply HONEY on Dolo,0x9778047cb8f3740866882a97a186dff42743bebb3ad8010edbf637ab0e37751f,90,9.123%,62625.595918302955,9.513%,65302.43493645296,2676.839018150007,true
Infrared x Kodiak US,0x5f7935e257b94aee6caf9bbe917d4cfad75e8bc3b231806769ca0935af8371e8,90,4.544%,56768.82845103577,4.685%,58538.45262347448,1769.6241724387073,true
D2 Finance HyperBERA,0xb7b78119806fcb9bbc499131da16b52ce52cf4a1ceabfc59e4f2f6e6ef7046c0,30,27.37%,56216.60523905435,28.54%,58619.501373857536,2402.896134803188,true
Beraborrow SolvBTC B,0x28b337bd45eda5e2fc596bfe22320bef0af9da85d4c770d0fd03ddf72428c00a,90,2.312%,55486.972067819916,2.384%,57216.63762030418,1729.6655524842645,true
Provide rUSD-HONEY L,0xcdb30c06ea11f3f5408bce5eefdb392dfe0008ef81af3a486bcfed891f9cc112,90,4.544%,47595.843226876554,4.685%,49079.522861987054,1483.6796351105004,true
Infrared x Kodiak sU,0xad9ee12ea8b3dccf85934c2918bd4ad38ccf7bc8b43d5fcb6f298858aa4c9ca4,90,4.544%,40450.8016677494,4.685%,41711.75276325271,1260.951095503311,true
Supply solvBTC.bbn o,0x2a3a73ba927ec6bbf0e2e12e21a32e274a295389ce9d6ae2b32435d12c597c2c,30,5.067%,40047.0449017231,5.225%,41295.40990460408,1248.3650028809789,true
Infrared x Kodiak US,0x72bec627884d7bdf538f174bedd551e9eccf3995adc880f40972e2bab87df3b9,90,8.211%,38541.37509310372,8.562%,40188.76950348126,1647.3944103775357,true
Supply solvBTC on Do,0xb1d5ccc4388fe639f8d949061bc2de95ecb1efb11c5ceb93bdb71caab58c8aa3,90,1.689%,30572.089656131484,1.742%,31525.0969725343,953.0073164028145,true
Provide sUSDa-USDa L,0xd70673b98af7096f575717d70fbf2fa935dd719926b55c0e011480678cdac563,90,2.312%,28533.39242659474,2.384%,29422.848530190975,889.4561035962361,true
Supply uniBTC into G,0x72679855f582a6d908bf39d40cb5a299b6a98a82bf1bfd9055f1853fc5160f54,90,2.312%,27276.018108162156,2.384%,28126.278758048775,850.2606498866189,true
Provide SolvBTC-Solv,0x378d4d32d89450978d01cfdf1ff1907d4419aa186c48abb94e612b76d75f3fae,90,2.312%,27166.064166267486,2.384%,28012.897281030677,846.8331147631907,true
Provide pumpBTC.bera,0x2fa37184f43783f5d6b23548c4a7a21bb86cd2f314bba9d5bb7d2415d61d11c8,90,2.312%,26992.155280486957,2.384%,27833.567227040832,841.4119465538752,true
Supply stBTC on Dolo,0xc6887dddd833a3d585c7941cd31b0f8ff3ec5903d49cd5e7ac450b46532d3e79,30,5.067%,25413.939052535858,5.225%,26206.154113007677,792.215060471819,true
Supply sUSDa on Dolo,0x2dd74f8f8a8d7f27b2a82a6edce57b201f9b4a3c4780934caf99363115e48be6,30,5.067%,21969.126263905488,5.225%,22653.95802712388,684.8317632183935,true
Provide NECT-HONEY L,0x62bb6fb784e059f338340a9724b35ef2ef8fde5e65613e9fcaacd097d81dc67e,90,4.544%,20359.03153478747,4.685%,20993.67268054366,634.641145756188,true
Supply USDT on Dolom,0x9c7bd5b59ebcb9a9e6787b9b174a98a69e27fa5a4fe98270b461a1b9b1b1aa3e,90,9.123%,17336.458919846817,9.513%,18077.48036631321,741.021446466395,true
Restake waBTC on Sat,0x2dcd8ec59fe12b4cb802f5a26445f9684635c52139560f169a7c4d67da186c18,90,1.689%,15203.558463699243,1.742%,15677.490818805938,473.93235510669547,true
Provide uniBTC-ylBTC,0x21c6a0baa6f41b060937be5a4f1be096b63f426c50f763b4dabd1af46803fa2f,90,2.312%,13518.40198372516,2.384%,13939.803861760694,421.40187803553454,true
BurrBear USDC Stable,0x71cee3cf3329e9a2803d578cdd6c823d7a16aa39adea3a7053395299bd258800,90,8.211%,12525.902224979272,8.562%,13061.303498559122,535.4012735798497,true
Beraborrow SBTC Boyc,0xe92ebafbee7aa7a636ff62e04aa2ab9353f60ef72dcdcfdfcf48b67a7ad8ffc7,90,2.312%,12300.470336058303,2.384%,12683.906285557045,383.43594949874205,true
Infrared x Kodiak MI,0x9a117f13c7d5d2b4b18e444f72e6e77c010a1fd90cf21135be75669d66ad9428,90,4.544%,10993.662799368527,4.685%,11336.362340018424,342.69954064989724,true
Provide WBTC-SBTC Li,0x289dc2a22ebb4ef7404de9293b6718d9f81f0843e1af4cf9a9c51d2e757348d6,90,4.544%,10906.402170251291,4.685%,11246.38158221787,339.9794119665785,true
Kodiak x Beraborrow ,0xcdd60ed30d20f9edc3fac624bb623db32103658b6da678949ef53df16139b488,90,25.545%,8070.620385294773,26.637%,8415.587187306792,344.9668020120189,true
Provide WBTC-pumpBTC,0xa74b61544834483b093531cff533d01788a5dea12d8a83902646111025303bfb,90,4.544%,7325.683589203936,4.685%,7554.043185708103,228.3595965041668,true
Infrared x Kodiak US,0xf8f745f188ddb10c16724faee95583521191c3c69e15490fa53c1136b73c17d7,90,8.211%,7236.4111459612095,8.562%,7545.7209005886025,309.309754627393,true
Provide rsETH-beraET,0x25f7a422282a1f26d9d96b5d1c43fa5c6f8c355b0ed7a4755ac8d04a504817f5,90,2.312%,6736.984884930027,2.384%,6946.993293188958,210.008408258931,true
Lend wETH on Dahlia ,0x4dd921e829db80e73c56d888eeaf46a7934a3c4a2f7f78231dd4502f8eaa2558,90,9.123%,6648.300214013621,9.513%,6932.472031563473,284.17181754985177,true
Suppy uniBTC on Dolo,0xd10bdc88272e0958baa62a4ae2bfce1d8feed639a93e03c0aa5cec7adfbdf2c3,30,5.067%,6232.346291065349,5.225%,6426.623871713161,194.2775806478121,true
Beraborrow ylstETH B,0xc182b0267a6ca015c2d2a144ca19e1f6b36479675754914002e0613320ed8d9a,90,2.312%,6083.817132035372,2.384%,6273.464693052639,189.64756101726653,true
Provide WBTC-SolvBTC,0x290aad1fabd8d2557d28a3854a2433ddc11a35f0d12936dd99102067ac515d07,90,4.544%,5895.48111849698,4.685%,6079.2577822068315,183.77666370985116,true
Provide WBTC-waBTC L,0x49104b3cadbb31470e5b949c6892a33954ee9ce35041df4a04a88eb694b645c0,90,4.544%,5495.348225015323,4.685%,5666.651761133617,171.30353611829378,true
Beraborrow STONE Boy,0x88ee202388086447b8dc8403c5aa2cfbcdb52e749fd16af5c6a3c7bb614b17c9,90,2.312%,4194.000564208447,2.384%,4324.737889253763,130.73732504531563,true
D2 Finance dgnBerala,0x0964848864e96952ee2454ce58fc93b867f9b2d9a6b44216eec8b08726813d1b,30,27.37%,3878.94576149475,28.54%,4044.7455947961703,165.79983330142022,true
Lend USDC on Dahlia ,0x7e804adb4c426b81fbe1f005f92d8dee99f98b0502c3946ac5ad436b453c6435,90,9.123%,3677.5156027325106,9.513%,3834.7056000635025,157.1899973309919,true
Supply rswETH on Dol,0xc90525132d909f992363102ebd6298d95b1f312acdb9421fd1f7ac0c0dd78d3f,30,5.067%,3465.886117216682,5.225%,3573.926322013871,108.04020479718884,true
Provide pumpBTC.bera,0xaa636d73f39ea0de0e04ed9270eac5d943707e7f8fb9c3480c0d80eb015ccfc8,90,2.312%,3314.676379187413,2.384%,3418.003004105892,103.32662491847896,true
Provide USDa-HONEY L,0xfa4917a871f9cf06d3d00be6678993888b3aac41c3da21edf32c3c9cf3978d70,90,4.544%,3231.817585967473,4.685%,3332.561298266792,100.74371229931921,true
Kodiak x Beraborrow ,0xf8663b3c0f78b4efae0422b163e86e79afa1ce90778885d93d53c9d4f6d5c3d8,90,25.545%,3201.5306859954394,26.637%,3338.3754079084565,136.8447219130171,true
Supply USDa on Dolom,0x86a5077c6a9190cde78ec75b8888c46ed0a3d1289054127a955a2af544633cf3,30,5.067%,2903.059314555161,5.225%,2993.55482198828,90.49550743311875,true
Supply rsETH into Go,0xab32e1695b84b148140cb78c044d247e307b26cb043dc5538657f3a5634dee6e,90,2.312%,2702.9615189436045,2.384%,2787.2194853594497,84.2579664158452,true
Supply rsETH on Dolo,0x415f935bbb9bf1bdc1f49f2ca763d5b2406efbf9cc949836880dd5bbd054db95,90,1.689%,2620.771212179178,1.742%,2702.4671043447865,81.69589216560871,true
Provide WBTC-uniBTC ,0x568f3bb6ba4c6afe37899fda35bc315ae8167274685ea295e03cf20d471afd8b,90,4.544%,2529.203773658503,4.685%,2608.045283286444,78.84150962794092,true
Supply SBTC on Dolom,0x42a09eccabf1080c40a24522e9e8adbee5a0ad907188c9b6e50ba26ba332eac3,90,1.689%,2452.0467727533555,1.742%,2528.483108668889,76.43633591553362,true
Restake SBTC on SatL,0x7ccce28638cbb503d17e8d9290a97f18731199655ccde282da7b464f21361b79,90,1.689%,2443.440500858235,1.742%,2519.6085580864014,76.16805722816662,true
Supply STONE on Dolo,0xb27f671bc0dd8773a25136253acd72150dd59e50e44dc8439e9dc5c84c2b19f6,90,1.689%,2434.322825703844,1.742%,2510.2066625457546,75.88383684191058,true
Beraborrow RSETH Boy,0xfef8ead03d79cf7cbe6f73c8d1136f8c84f6cf6ed9bc208719e7fcee807cb336,90,2.312%,2371.4873184675284,2.384%,2445.4124178204534,73.92509935292492,true
D2 Finance Kodiak++,0x027987432679079fbbc990691d14dabe7f7780f51df6a1a53e7bd875b1f9581a,90,9.123%,1441.6360436903096,9.513%,1503.2566567181814,61.62061302787174,true
Supply beraETH on Do,0x258ac521d801d5112a484ad1b82e6fd2efc24aba29e5cd3d56db83f4a173dc90,30,5.067%,1001.8359737091425,5.225%,1033.0656679668548,31.229694257712254,true
Beraborrow WETH Boyc,0xb9f307d83c78d09a134aac7713821aab8e1da2404b895db66f0975135dd5006e,90,2.312%,887.1347813542101,2.384%,914.7889570018475,27.65417564763743,true
Supply USDe on Dolom,0xa588ad19850cf2a111c3c727033da8e557abc94de70fce2d2b2f2f78140f15e5,90,1.689%,781.4427906687253,1.742%,805.802286706909,24.359496038183693,true
Restake uniBTC on Sa,0xdd3f0e11d59726f2e63fc1b180abc94034dd3e0f4018b51371b73348d82b3769,90,1.689%,404.1657674737645,1.742%,416.7646096783505,12.598842204585992,true
Beraborrow beraETH B,0xd77d3e3e075394a6c94a8c83dab114bb7266b96c5234e4a98476f41339029c30,90,2.312%,351.93573535235487,2.384%,362.90643884259316,10.970703490238293,true
Provide beraETH-RSWE,0x3ef317447bd10825f0a053565f8474a460cfb22cda414ea30b671e304f0691b6,90,2.312%,282.6186989730351,2.384%,291.4286197505483,8.809920777513184,true
Supply pumpBTC on Do,0xff917303af9337534eece4b88948d609980b66ca0b41875da782aec4858cade5,30,5.067%,252.37571550471083,5.225%,260.24288801609816,7.867172511387338,true
Lend USDC on Dahlia ,0x20ca89af1fd136d0ef9c4e3e74e8ab1943d28e6879206a3e180fd35e29fb2d7d,90,9.123%,204.70750571587146,9.513%,213.4574270630991,8.749921347227627,true
Provide USDe-NECT Li,0x2240151f263be555a4ef61476a5c111373e0efe8cd539f179b4b5850977e9d4e,90,2.312%,161.72243728109174,2.384%,166.76372388233216,5.041286601240415,true
Restake pumpBTC on S,0x036d9e250c6dafef1dd361199181548f9990a00452abf5231cebe7a15f9e19bd,90,1.689%,121.85718332959398,1.742%,125.65577179952055,3.798588469926571,true
Supply NECT on Dolom,0xbe5cd829fcb3cdfe8224ad72fc3379198d38da26131c5b7ab6664c8f56a9730d,90,1.689%,103.58740082362674,1.742%,106.81647518466795,3.2290743610412136,true
Supply ylpumpBTC on ,0x6306bfce6bff30ec4efcea193253c43e057f1474007d0d2a5a0c2938bd6a9b81,30,5.067%,99.06201385417832,5.225%,102.15002075990502,3.088006905726701,true
Supply solvBTC.bbn i,0xbd3ef685577bdca03225bb2cd2158f0772cdfd694ba03b9eb4856b59a7288081,90,2.312%,77.93406699297039,2.384%,80.3634637688114,2.4293967758410133,true
Provide WBTC-stBTC L,0x9b60d30f266858fa671bf268796aa503700310e31a8f46ebaa8f8281fbad89aa,90,4.544%,37.66402498764932,4.685%,38.83810539177405,1.1740804041247301,true
Provide WBTC-FBTC Li,0xd6e9ff1fa0c9c6bb25cafcb76c61c0d398a479ba073509e10209271f40a01712,90,4.544%,36.264086367725284,4.685%,37.39452723780741,1.1304408700821256,true
Supply sUSDe on Dolo,0x092c0c4d8d124fc29364e8cd8417198c4bbe335e3f6c4b1f79215a3457b4831a,90,1.689%,31.47456077941137,1.742%,32.45570034300441,0.9811395635930396,true
Provide beraETH-ylst,0x219169d9e78064768cddd0397c2202dc9e5c2bc0e1dbc13465363b0458d33c34,90,2.312%,27.592604545546855,2.384%,28.452733974260667,0.8601294287138117,true
Beraborrow stBTC Boy,0x84790e638ddd7a59e64b8c239e96e29c2c6c155a9882a0c834b9ced016b7c999,90,2.312%,24.893488427624824,2.384%,25.669479760541687,0.7759913329168633,true
Beraborrow ylBTCLST ,0x4fa4a76aa8b93ccdddba0c20c336056803b7410fb375c9c9541e9c54fbfb2f9a,90,2.312%,13.234437910600722,2.384%,13.646987929233545,0.4125500186328228,true
Beraborrow ylrsETH B,0x6b3dfac03cea102e59d2d5711088f3001782e07239dcc90f274dd9762220c49a,90,2.312%,11.024316784434715,2.384%,11.367971885282609,0.34365510084789364,true
Provide rsETH-ylrsET,0x460ec133419318efe4e05b4c3b6db421503fd6fcefbb20a43f50e3fc50f2ee39,90,2.312%,8.25365688619893,2.384%,8.510943695445498,0.2572868092465672,true
Provide USDe-USDa Li,0xab689b5eac7541b8cc774f0ca3705a91b21660e8221fc7bd8e93c391fb5d690d,90,2.312%,5.487132362458199,2.384%,5.658179789909551,0.17104742745135137,true
Supply ylstETH on Do,0x5bac1cacdd36b3d95a7f9880a264f8481ab56d3d1a53993de084c6fa5febcc15,30,5.067%,3.8329127256905684,5.225%,3.952394053653506,0.11948132796293764,true
Provide FBTC-SolvBTC,0xc5165360e2e8b195cb55e21cf259ce6a5ee996b055057d8705851d9b01fc8620,90,2.312%,2.487121128297125,2.384%,2.5646508182433214,0.07752968994619636,true
Provide pumpBTC.bera,0xab27dc8061f66791bb94a536546b08ba15e06344dabad2cc6267cf44f0070574,90,2.312%,2.472616372393761,2.384%,2.549693913381413,0.07707754098765207,true
Supply ylBTCLST on D,0x0194c329e2b9712802c37d3f17502bcefce2e128933f24f4fe847dfc7e5e8965,30,5.067%,1.4675593394139177,5.225%,1.5133067777947367,0.04574743838081896,true
Beraborrow ylpumpBTC,0x897eec875e51d6c8b5339d6a9984a00acb0aa86f9d4ab4eddbb4a791bb0a88e9,90,2.312%,1.0193822602057403,2.384%,1.051158915420163,0.031776655214422744,true
